
DROP TABLE TRANSPORTURI_ISTORIC CASCADE CONSTRAINTS;
DROP TABLE DETALII_TRANSPORT CASCADE CONSTRAINTS;
DROP TABLE TRANSPORTURI CASCADE CONSTRAINTS;
DROP TABLE LIVRARI CASCADE CONSTRAINTS;
DROP TABLE PRODUSE CASCADE CONSTRAINTS;
DROP TABLE CATEGORII CASCADE CONSTRAINTS;
DROP TABLE COMERCIANTI CASCADE CONSTRAINTS;
DROP TABLE DISTRIBUITORI CASCADE CONSTRAINTS;
DROP TABLE PRODUCATORI CASCADE CONSTRAINTS;


CREATE TABLE CATEGORII (
    ID_CATEGORIE NUMBER(6) CONSTRAINT PK_CATEGORII PRIMARY KEY,
    NUME_CATEGORIE VARCHAR2(50) NOT NULL
);


CREATE TABLE PRODUCATORI (
    ID_PRODUCATOR NUMBER(6) CONSTRAINT PK_PRODUCATORI PRIMARY KEY,
    NUME          VARCHAR2(100) NOT NULL,
    LOCALITATE    VARCHAR2(100) DEFAULT 'Matca',
    TIP_SERA      VARCHAR2(50) CONSTRAINT CK_TIP_SERA CHECK (TIP_SERA IN ('Incalzita', 'Solariu', 'Camp')),
    CONTACT       VARCHAR2(100)
);


CREATE TABLE PRODUSE (
    ID_PRODUS       NUMBER(6) CONSTRAINT PK_PRODUSE PRIMARY KEY,
    DENUMIRE_PRODUS VARCHAR2(100) NOT NULL,
    ID_CATEGORIE    NUMBER(6) CONSTRAINT FK_PROD_CAT REFERENCES CATEGORII(ID_CATEGORIE),
    PRET_LISTA      NUMBER(8,2) CONSTRAINT CK_PRET_POZ CHECK (PRET_LISTA > 0),
    DESCRIERE       VARCHAR2(2000)
);


CREATE TABLE DISTRIBUITORI (
    ID_DISTRIBUITOR NUMBER(6) CONSTRAINT PK_DISTRIBUITORI PRIMARY KEY,
    NUME            VARCHAR2(100) NOT NULL,
    REGIUNE         VARCHAR2(50),
    ID_MANAGER      NUMBER(6), 
    CONTACT         VARCHAR2(100)
);


CREATE TABLE COMERCIANTI (
    ID_COMERCIANT NUMBER(6) CONSTRAINT PK_COMERCIANTI PRIMARY KEY,
    NUME          VARCHAR2(100) NOT NULL,
    LOCALITATE    VARCHAR2(100),
    TIP_MAGAZIN   VARCHAR2(50)
);


CREATE TABLE LIVRARI (
    ID_LIVRARE      NUMBER(6) CONSTRAINT PK_LIVRARI PRIMARY KEY,
    ID_PRODUCATOR   NUMBER(6) CONSTRAINT FK_LIV_PROD REFERENCES PRODUCATORI(ID_PRODUCATOR),
    ID_PRODUS       NUMBER(6) CONSTRAINT FK_LIV_ITEM REFERENCES PRODUSE(ID_PRODUS),
    DATA_LIVRARE    DATE DEFAULT SYSDATE,
    CANTITATE_KG    NUMBER(10,2) NOT NULL,
    PRET_NEGOCIAT   NUMBER(8,2)
);


CREATE TABLE TRANSPORTURI (
    ID_TRANSPORT    NUMBER(6) CONSTRAINT PK_TRANSPORT PRIMARY KEY,
    ID_DISTRIBUITOR NUMBER(6) CONSTRAINT FK_TRANS_DISTR REFERENCES DISTRIBUITORI(ID_DISTRIBUITOR),
    DATA_PLECARE    DATE,
    COST_CURSA      NUMBER(8,2),
    STATUS          VARCHAR2(20) CONSTRAINT CK_ST_TRANS CHECK (STATUS IN ('Incarcare', 'Pe drum', 'Livrat'))
);


CREATE TABLE DETALII_TRANSPORT (
    ID_DETALIU    NUMBER(6) CONSTRAINT PK_DETALII PRIMARY KEY,
    ID_TRANSPORT  NUMBER(6) CONSTRAINT FK_DET_TR REFERENCES TRANSPORTURI(ID_TRANSPORT),
    ID_PRODUS     NUMBER(6) CONSTRAINT FK_DET_PR REFERENCES PRODUSE(ID_PRODUS),
    ID_COMERCIANT NUMBER(6) CONSTRAINT FK_DET_COM REFERENCES COMERCIANTI(ID_COMERCIANT),
    CANTITATE_LIV NUMBER(10,2)
);


CREATE TABLE TRANSPORTURI_ISTORIC AS 
SELECT * FROM TRANSPORTURI WHERE 1=0;

ALTER TABLE PRODUCATORI ADD (CAPACITATE_STOCARE_KG NUMBER(10));


ALTER TABLE DISTRIBUITORI MODIFY (CONTACT VARCHAR2(150) NOT NULL);


INSERT INTO CATEGORII VALUES (1, 'Legume Verzi');
INSERT INTO CATEGORII VALUES (2, 'Radacinoase');
INSERT INTO CATEGORII VALUES (3, 'Solanacee'); 
INSERT INTO CATEGORII VALUES (4, 'Cucurbitacee'); 
INSERT INTO CATEGORII VALUES (5, 'Verdeturi');
INSERT INTO CATEGORII VALUES (6, 'Leguminoase');
INSERT INTO CATEGORII VALUES (7, 'Fructe de livada');
INSERT INTO CATEGORII VALUES (8, 'Seminte');
INSERT INTO CATEGORII VALUES (9, 'Ingrasaminte Bio');
INSERT INTO CATEGORII VALUES (10, 'Ambalaje si Navete');


INSERT INTO PRODUCATORI VALUES (1, 'PRICOPE ALIN', 'Matca', 'Incalzita', 'alin.pricope@stud.ase.ro', 5000);
INSERT INTO PRODUCATORI VALUES (2, 'Ionescu Marin', 'Matca', 'Solariu', 'ionescu@ferma.ro', 3000);
INSERT INTO PRODUCATORI VALUES (3, 'Popescu Vasile', 'Matca', 'Camp', 'popescu@agro.ro', 10000);
INSERT INTO PRODUCATORI VALUES (4, 'Ferma Verda SRL', 'Tecuci', 'Incalzita', 'office@verda.ro', 15000);
INSERT INTO PRODUCATORI VALUES (5, 'BioPlante Matca', 'Matca', 'Solariu', 'contact@bioplante.ro', 4000);
INSERT INTO PRODUCATORI VALUES (6, 'Grădina Bunicii', 'Corod', 'Camp', 'bunica@traditii.ro', 2000);
INSERT INTO PRODUCATORI VALUES (7, 'Legume de Aur', 'Cudalbi', 'Solariu', 'aur@legume.ro', 6000);
INSERT INTO PRODUCATORI VALUES (8, 'HortiGal', 'Galati', 'Incalzita', 'info@hortigal.ro', 25000);
INSERT INTO PRODUCATORI VALUES (9, 'Sera Noastra', 'Matca', 'Incalzita', 'sera@matca.ro', 8000);
INSERT INTO PRODUCATORI VALUES (10, 'EcoFerm', 'Munteni', 'Camp', 'eco@ferm.ro', 12000);

-- 3. PRODUSE (Minim 10)
INSERT INTO PRODUSE VALUES (101, 'Rosii Prekos', 3, 12.50, 'Soi timpuriu rezistent');
INSERT INTO PRODUSE VALUES (102, 'Castraveti Cornichon', 4, 8.50, 'Pentru muraturi');
INSERT INTO PRODUSE VALUES (103, 'Ardei Capia', 3, 10.00, 'Ardei rosu de dimensiuni mari');
INSERT INTO PRODUSE VALUES (104, 'Vinete Aragon', 3, 7.50, 'Vinete fara seminte multe');
INSERT INTO PRODUSE VALUES (105, 'Varza Timpurie', 1, 3.00, 'Varza alba dulce');
INSERT INTO PRODUSE VALUES (106, 'Morcovi Matca', 2, 4.00, 'Morcovi dulci portocalii');
INSERT INTO PRODUSE VALUES (107, 'Ceapa Rosie', 2, 5.50, 'Ceapa de apa');
INSERT INTO PRODUSE VALUES (108, 'Patrunjel Legatura', 5, 1.50, 'Patrunjel proaspat cret');
INSERT INTO PRODUSE VALUES (109, 'Mere Idared', 7, 4.50, 'Mere rosii de iarna');
INSERT INTO PRODUSE VALUES (110, 'Ardei Iute', 3, 15.00, 'Soi foarte iute');

-- 4. DISTRIBUITORI (Minim 10)
-- ID_MANAGER este folosit pentru cererile ierarhice de la punctul 5
INSERT INTO DISTRIBUITORI VALUES (201, 'AgroTrans Central', 'Galați', 210, 'office@agrotrans.ro');
INSERT INTO DISTRIBUITORI VALUES (202, 'FrigoExpres', 'București', 201, 'contact@frigo.ro');
INSERT INTO DISTRIBUITORI VALUES (203, 'EcoLogistica', 'Brașov', 201, 'eco@logistica.ro');
INSERT INTO DISTRIBUITORI VALUES (204, 'Transport Matca', 'Galați', 201, 'transport@matca.ro');
INSERT INTO DISTRIBUITORI VALUES (205, 'MegaDist', 'Cluj', 210, 'mega@dist.ro');
INSERT INTO DISTRIBUITORI VALUES (206, 'Rapid Agro', 'Iași', 205, 'rapid@agro.ro');
INSERT INTO DISTRIBUITORI VALUES (207, 'BioCurier', 'Constanța', 205, 'bio@curier.ro');
INSERT INTO DISTRIBUITORI VALUES (208, 'Producatori Unite', 'Galați', 201, 'unite@matca.ro');
INSERT INTO DISTRIBUITORI VALUES (209, 'FreshWay', 'Timișoara', 210, 'fresh@way.ro');
INSERT INTO DISTRIBUITORI VALUES (210, 'Director General Logistica', 'București', NULL, 'boss@logistica.ro');

-- 5. COMERCIANTI (Minim 10)
INSERT INTO COMERCIANTI VALUES (301, 'Lidl România', 'București', 'Supermarket');
INSERT INTO COMERCIANTI VALUES (302, 'Kaufland', 'Galați', 'Hypermarket');
INSERT INTO COMERCIANTI VALUES (303, 'Aprozarul din Colt', 'Matca', 'Magazin Mic');
INSERT INTO COMERCIANTI VALUES (304, 'Mega Image', 'București', 'Supermarket');
INSERT INTO COMERCIANTI VALUES (305, 'Carrefour', 'Iași', 'Hypermarket');
INSERT INTO COMERCIANTI VALUES (306, 'Piața Centrală', 'Galați', 'Piață Agroalimentară');
INSERT INTO COMERCIANTI VALUES (307, 'Profi City', 'București', 'Supermarket');
INSERT INTO COMERCIANTI VALUES (308, 'Penny Market', 'Tecuci', 'Discouter');
INSERT INTO COMERCIANTI VALUES (309, 'Auchan', 'Cluj', 'Hypermarket');
INSERT INTO COMERCIANTI VALUES (310, 'Horeca Food', 'Brașov', 'Distribuitor Restaurante');

-- 6. LIVRARI (Minim 10)
INSERT INTO LIVRARI VALUES (501, 1, 101, SYSDATE, 1500, 11.00);
INSERT INTO LIVRARI VALUES (502, 2, 102, SYSDATE-1, 800, 7.50);
INSERT INTO LIVRARI VALUES (503, 1, 103, SYSDATE-2, 500, 9.00);
INSERT INTO LIVRARI VALUES (504, 3, 105, SYSDATE, 2000, 2.50);
INSERT INTO LIVRARI VALUES (505, 5, 101, SYSDATE-3, 1200, 10.50);
INSERT INTO LIVRARI VALUES (506, 9, 104, SYSDATE, 600, 6.80);
INSERT INTO LIVRARI VALUES (507, 1, 102, SYSDATE-5, 300, 8.00);
INSERT INTO LIVRARI VALUES (508, 4, 110, SYSDATE-1, 50, 14.00);
INSERT INTO LIVRARI VALUES (509, 8, 106, SYSDATE, 900, 3.80);
INSERT INTO LIVRARI VALUES (510, 10, 107, SYSDATE-4, 1100, 5.00);

-- 7. TRANSPORTURI (Minim 10)
INSERT INTO TRANSPORTURI VALUES (701, 201, SYSDATE, 120.00, 'Pe drum');
INSERT INTO TRANSPORTURI VALUES (702, 202, SYSDATE-1, 450.00, 'Livrat');
INSERT INTO TRANSPORTURI VALUES (703, 201, SYSDATE, 80.00, 'Incarcare');
INSERT INTO TRANSPORTURI VALUES (704, 204, SYSDATE-2, 50.00, 'Livrat');
INSERT INTO TRANSPORTURI VALUES (705, 203, SYSDATE, 300.00, 'Pe drum');
INSERT INTO TRANSPORTURI VALUES (706, 205, SYSDATE-3, 600.00, 'Livrat');
INSERT INTO TRANSPORTURI VALUES (707, 201, SYSDATE-1, 150.00, 'Livrat');
INSERT INTO TRANSPORTURI VALUES (708, 208, SYSDATE, 40.00, 'Incarcare');
INSERT INTO TRANSPORTURI VALUES (709, 209, SYSDATE-4, 850.00, 'Livrat');
INSERT INTO TRANSPORTURI VALUES (710, 206, SYSDATE, 200.00, 'Pe drum');

-- 8. DETALII_TRANSPORT (Minim 10)
INSERT INTO DETALII_TRANSPORT VALUES (1, 701, 101, 301, 500);
INSERT INTO DETALII_TRANSPORT VALUES (2, 701, 102, 301, 300);
INSERT INTO DETALII_TRANSPORT VALUES (3, 702, 103, 304, 200);
INSERT INTO DETALII_TRANSPORT VALUES (4, 704, 105, 303, 1000);
INSERT INTO DETALII_TRANSPORT VALUES (5, 705, 106, 310, 400);
INSERT INTO DETALII_TRANSPORT VALUES (6, 706, 101, 309, 600);
INSERT INTO DETALII_TRANSPORT VALUES (7, 707, 107, 302, 500);
INSERT INTO DETALII_TRANSPORT VALUES (8, 709, 104, 305, 300);
INSERT INTO DETALII_TRANSPORT VALUES (9, 710, 109, 307, 450);
INSERT INTO DETALII_TRANSPORT VALUES (10, 702, 110, 304, 20);


UPDATE PRODUSE 
SET PRET_LISTA = PRET_LISTA * 1.10 
WHERE ID_CATEGORIE = 3;


UPDATE TRANSPORTURI 
SET STATUS = 'Livrat' 
WHERE DATA_PLECARE <= SYSDATE;


UPDATE PRODUCATORI 
SET CAPACITATE_STOCARE_KG = 7000 
WHERE NUME = 'PRICOPE ALIN';

DELETE FROM DETALII_TRANSPORT WHERE ID_PRODUS = 110;
DELETE FROM LIVRARI WHERE ID_PRODUS = 110;
DELETE FROM PRODUSE WHERE ID_PRODUS = 110;


DROP TABLE CATEGORII CASCADE CONSTRAINTS;


FLASHBACK TABLE CATEGORII TO BEFORE DROP;


DROP TABLE CATEGORII CASCADE CONSTRAINTS;

FLASHBACK TABLE CATEGORII TO BEFORE DROP;


SELECT USER AS SCHEMA_STUDENT, ID_PRODUCATOR, NUME, LOCALITATE, TIP_SERA
FROM PRODUCATORI
WHERE NUME = 'PRICOPE ALIN';



SELECT DENUMIRE_PRODUS, PRET_LISTA FROM PRODUSE 
WHERE DENUMIRE_PRODUS LIKE 'Rosii%' AND PRET_LISTA BETWEEN 5 AND 15; 

SELECT ID_LIVRARE, TO_CHAR(DATA_LIVRARE, 'DD-MON-YYYY') AS DATA_LIVRARE 
FROM LIVRARI WHERE TO_CHAR(DATA_LIVRARE, 'MM-YYYY') = TO_CHAR(SYSDATE, 'MM-YYYY'); 

SELECT DENUMIRE_PRODUS, NVL(SUBSTR(DESCRIERE, 1, 15), 'Fara detalii') AS DESC_SCURTA 
FROM PRODUSE;

SELECT NUME, CASE WHEN TIP_SERA = 'Incalzita' THEN 'Productie Iarna' 
WHEN TIP_SERA = 'Solariu' THEN 'Productie Primavara' ELSE 'Productie Vara' END AS SEZONALITATE
FROM PRODUCATORI; 

SELECT ID_TRANSPORT, DECODE(STATUS, 'Livrat', 'Finalizat', 'Pe drum', 'In curs', 'Incarcare', 'Depozit') AS STARE_ACTUALA
FROM TRANSPORTURI; 

SELECT * FROM LIVRARI WHERE EXTRACT(YEAR FROM DATA_LIVRARE) >= 2025; 

SELECT P.NUME, PR.DENUMIRE_PRODUS FROM PRODUCATORI P 
JOIN LIVRARI L ON P.ID_PRODUCATOR = L.ID_PRODUCATOR 
JOIN PRODUSE PR ON L.ID_PRODUS = PR.ID_PRODUS; 


SELECT C.NUME, DT.ID_PRODUS FROM COMERCIANTI C 
LEFT JOIN DETALII_TRANSPORT DT ON C.ID_COMERCIANT = DT.ID_COMERCIANT; 


SELECT ID_PRODUCATOR, SUM(CANTITATE_KG) AS TOTAL_KG FROM LIVRARI 
GROUP BY ID_PRODUCATOR; 

SELECT ID_PRODUCATOR, AVG(CANTITATE_KG) FROM LIVRARI 
GROUP BY ID_PRODUCATOR HAVING AVG(CANTITATE_KG) > 500; 

SELECT LOCALITATE FROM PRODUCATORI UNION SELECT LOCALITATE FROM COMERCIANTI; 

SELECT ID_PRODUCATOR FROM PRODUCATORI MINUS SELECT ID_PRODUCATOR FROM LIVRARI; 

SELECT DENUMIRE_PRODUS FROM PRODUSE WHERE PRET_LISTA > (SELECT AVG(PRET_LISTA) FROM PRODUSE); 

SELECT NUME FROM PRODUCATORI P WHERE EXISTS (SELECT 1 FROM LIVRARI L WHERE L.ID_PRODUCATOR = P.ID_PRODUCATOR AND L.CANTITATE_KG > 1000); 

SELECT LEVEL, NUME, SYS_CONNECT_BY_PATH(NUME, '/') AS CALE FROM DISTRIBUITORI 
START WITH ID_MANAGER IS NULL CONNECT BY PRIOR ID_DISTRIBUITOR = ID_MANAGER;


INSERT INTO TRANSPORTURI_ISTORIC 
SELECT * FROM TRANSPORTURI WHERE STATUS = 'Livrat';


COMMIT;

UPDATE PRODUSE SET PRET_LISTA = PRET_LISTA + 1 WHERE PRET_LISTA = (SELECT MIN(PRET_LISTA) FROM PRODUSE); 


CREATE OR REPLACE VIEW V_PRODUSE_ALIN AS 
SELECT * FROM PRODUSE WHERE ID_PRODUS IN (SELECT ID_PRODUS FROM LIVRARI WHERE ID_PRODUCATOR = 1); 

CREATE INDEX IDX_NUME_PRODUS ON PRODUSE(DENUMIRE_PRODUS); 


DROP SEQUENCE SEQ_PRODUSE_NOI;
CREATE SEQUENCE SEQ_PRODUSE_NOI START WITH 200 INCREMENT BY 1; 


DROP SYNONYM DT;
CREATE SYNONYM DT FOR DETALII_TRANSPORT; 





